{
    "loss": 1.8674499988555908,
    "accuracy": 0.8362069129943848
}